{
  "dev": {
    "ENV_TYPE": "Running Test",
    "ENV_Test": "Test",
    "API_URL": "http://localhost:8090",
    "client_id": "camp-project",
    "realm": "Camp",
    "client_secret": "SAljp2EhxBpdKsRSiEtOQhwupINgRLCf",
    "API_AUTH_REFRESH_URL": "http://kgbismanast:8085/SqlToJava_war/auth/client-secret/refresh",
    "API_AUTH_URL": "http://kgbismanast:8085/SqlToJava_war/auth/client-secret"
  },
  "prod": {
    "ENV_TYPE": "Running Production",
    "ENV_PROD": "Production",
    "API_URL": "https://camp.kumtor.kg/api",
    "client_id": "camp-realm",
    "realm": "applications",
    "client_secret": "EMAPAGOCjeSBjYkVAp4zvAggeIcpsJUe",
    "API_AUTH_REFRESH_URL": "https://camp.kumtor.kg/auth_new/auth/client-secret/refresh",
    "API_AUTH_URL": "https://camp.kumtor.kg/auth_new/auth/client-secret"
  },
  "test": {
    "ENV_TYPE": "Running Test",
    "ENV_Test": "Test",
    "API_URL": "http://test01.kumtor.kg:8090",
    "client_id": "camp-project",
    "realm": "Camp",
    "client_secret": "SAljp2EhxBpdKsRSiEtOQhwupINgRLCf",
    "API_AUTH_REFRESH_URL": "http://kgbismanast:8085/SqlToJava_war/auth/client-secret/refresh",
    "API_AUTH_URL": "http://kgbismanast:8085/SqlToJava_war/auth/client-secret"
  }
}
